,Stock,Company,CEO,Country,State,City,Market Cap (B),Enterprise Value (B),EBITDA (B),Revenue (B),Profit Margins,Operating Margins,Return On Assets,Return On Equity,Debt To Equity,Free Cashflow (B),Avg Volume (M),Shares Outstanding (B),Short Interest,Institutional Holdings,PE Ratio,PB Ratio,Dividend Yield,Payout Ratio,Dividend Ex Date,Beta,Sector,Industry,Audit Risk,Board Risk,Compensation Risk,Shareholder Rights Risk,Overall Risk,Target High Price,Target Low Price,Target Mean Price,Target Median Price,Recommendation Mean,Recommendation Key,No Analysts,Description,Last Updated,Is Owned,Market_Cap_Category
0,NVDA,NVIDIA Corporation,Mr. Jen-Hsun  Huang,United States,CA,Santa Clara,4630.069116928,4574.938136576,98.280996864,165.217992704,0.524,0.61,0.531,1.094,10.58,52.436750336,184.550875,24.347,0.01,0.6913,54.03,46.24,0.02,0.0114,2025-09-10,2.27,Technology,Semiconductors,5,10,4,8,8,350.0,100.0,232.79439,228.0,1.34375,strong_buy,57,"NVIDIA Corporation, a computing infrastructure company, provides graphics and compute and networking solutions in the United States, Singapore, Taiwan, China, Hong Kong, and internationally. The Compute & Networking segment includes its Data Centre accelerated computing platforms and artificial intelligence solutions and software; networking; automotive platforms and autonomous and electric vehicle solutions; Jetson for robotics and other embedded platforms; and DGX Cloud computing services. The Graphics segment offers GeForce GPUs for gaming and PCs, the GeForce NOW game streaming service and related infrastructure, and solutions for gaming platforms; Quadro/NVIDIA RTX GPUs for enterprise workstation graphics; virtual GPU or vGPU software for cloud-based visual and virtual computing; automotive platforms for infotainment systems; and Omniverse software for building and operating industrial AI and digital twin applications. It also customized agentic solutions designed in collaboration with NVIDIA to accelerate enterprise AI adoption. The company's products are used in gaming, professional visualization, data center, and automotive markets. It sells its products to original equipment manufacturers, original device manufacturers, system integrators and distributors, independent software vendors, cloud service providers, consumer internet companies, add-in board manufacturers, distributors, automotive manufacturers and tier-1 automotive suppliers, and other ecosystem participants. NVIDIA Corporation was incorporated in 1993 and is headquartered in Santa Clara, California.",2025-11-17,True,Mega
26,AAPL,Apple Inc.,Mr. Timothy D. Cook,United States,CA,Cupertino,4033.205501952,4082.906431488,144.748003328,416.161005568,0.269,0.32,0.23,1.714,152.41,78.86225408,50.386496,14.776353,0.008,0.6427,36.52,54.58,0.38,0.1367,2025-11-09,1.11,Technology,Consumer Electronics,7,1,3,1,1,345.0,215.0,281.06512,277.0,2.0,buy,41,"Apple Inc. designs, manufactures, and markets smartphones, personal computers, tablets, wearables, and accessories worldwide. The company offers iPhone, a line of smartphones; Mac, a line of personal computers; iPad, a line of multi-purpose tablets; and wearables, home, and accessories comprising AirPods, Apple Vision Pro, Apple TV, Apple Watch, Beats products, and HomePod, as well as Apple branded and third-party accessories. It also provides AppleCare support and cloud services; and operates various platforms, including the App Store that allow customers to discover and download applications and digital content, such as books, music, video, games, and podcasts, as well as advertising services include third-party licensing arrangements and its own advertising platforms. In addition, the company offers various subscription-based services, such as Apple Arcade, a game subscription service; Apple Fitness+, a personalized fitness service; Apple Music, which offers users a curated listening experience with on-demand radio stations; Apple News+, a subscription news and magazine service; Apple TV, which offers exclusive original content and live sports; Apple Card, a co-branded credit card; and Apple Pay, a cashless payment service, as well as licenses its intellectual property. The company serves consumers, and small and mid-sized businesses; and the education, enterprise, and government markets. It distributes third-party applications for its products through the App Store. The company also sells its products through its retail and online stores, and direct sales force; and third-party cellular network carriers and resellers. The company was formerly known as Apple Computer, Inc. and changed its name to Apple Inc. in January 2007. Apple Inc. was founded in 1976 and is headquartered in Cupertino, California.",2025-11-17,True,Mega
11,MSFT,Microsoft Corporation,Mr. Satya  Nadella,United States,WA,Redmond,3791.850569728,3810.213494784,166.436995072,293.812011008,0.357,0.49,0.147,0.322,33.15,53.327376384,21.23655,7.432377655,0.007,0.756,36.23,10.45,0.71,0.2361,2025-11-19,1.06,Technology,Software - Infrastructure,9,5,4,2,3,730.0,483.0,625.9581,632.0,1.2069,strong_buy,53,"Microsoft Corporation develops and supports software, services, devices, and solutions worldwide. The company's Productivity and Business Processes segment offers Microsoft 365 Commercial, Enterprise Mobility + Security, Windows Commercial, Power BI, Exchange, SharePoint, Microsoft Teams, Security and Compliance, and Copilot; Microsoft 365 Commercial products, such as Windows Commercial on-premises and Office licensed services; Microsoft 365 Consumer products and cloud services, such as Microsoft 365 Consumer subscriptions, Office licensed on-premises, and other consumer services; LinkedIn; Dynamics products and cloud services, such as Dynamics 365, cloud-based applications, and on-premises ERP and CRM applications. Its Intelligent Cloud segment provides Server products and cloud services, such as Azure and other cloud services, GitHub, Nuance Healthcare, virtual desktop offerings, and other cloud services; Server products, including SQL and Windows Server, Visual Studio and System Center related Client Access Licenses, and other on-premises offerings; Enterprise and partner services, including Enterprise Support and Nuance professional Services, Industry Solutions, Microsoft Partner Network, and Learning Experience. The company's Personal Computing segment provides Windows and Devices, such as Windows OEM licensing and Devices and Surface and PC accessories; Gaming services and solutions, such as Xbox hardware, content, and services, first- and third-party content Xbox Game Pass, subscriptions, and Cloud Gaming, advertising, and other cloud services; search and news advertising services, such as Bing and Copilot, Microsoft News and Edge, and third-party affiliates. It sells its products through OEMs, distributors, and resellers; and online and retail stores. The company was founded in 1975 and is headquartered in Redmond, Washington.",2025-11-17,True,Mega
7,GOOG,Alphabet Inc.,Mr. Sundar  Pichai,United States,CA,Mountain View,3364.478255104,3288.016617472,145.174003712,385.476001792,0.322,0.31,0.163,0.354,11.42,47.997751296,21.620523,5.407,0.0,0.6073,27.32,8.65,0.3,0.0809,2025-12-07,1.08,Communication Services,Internet Content & Information,N/A,N/A,N/A,N/A,N/A,345.0,185.0,311.68823,330.0,1.49254,strong_buy,17,"Alphabet Inc. offers various products and platforms in the United States, Europe, the Middle East, Africa, the Asia-Pacific, Canada, and Latin America. It operates through Google Services, Google Cloud, and Other Bets segments. The Google Services segment provides products and services, including ads, Android, Chrome, devices, Gmail, Google Drive, Google Maps, Google Photos, Google Play, Search, and YouTube. It is also involved in the sale of apps and in-app purchases and digital content in the Google Play and YouTube; and devices, as well as in the provision of YouTube consumer subscription services. The Google Cloud segment offers AI infrastructure, Vertex AI platform, cybersecurity, data and analytics, and other services; Google Workspace that include cloud-based communication and collaboration tools for enterprises, such as Calendar, Gmail, Docs, Drive, and Meet; and other services for enterprise customers. The Other Bets segment sells healthcare-related and internet services. The company was incorporated in 1998 and is headquartered in Mountain View, California.",2025-11-17,True,Mega
18,V,Visa Inc.,Mr. Ryan M. McInerney,United States,CA,San Francisco,648.599830528,639.579783168,28.028000256,40.0,0.501,0.66,0.173,0.521,68.81,20.072873984,5.808882,1.68762977,0.014,0.9066,32.35,17.03,0.81,0.2314,2025-11-11,0.82,Finance,Credit Services,10,1,1,3,2,450.0,305.0,394.43134,405.0,1.625,buy,37,"Visa Inc. operates as a payment technology company in the United States and internationally. The company operates VisaNet, a transaction processing network that enables authorization, clearing, and settlement of payment transactions. It also offers credit, debit, and prepaid card products; tap to pay, tokenization, and click to pay services; Visa Direct, a platform which facilitates money movement, enabling clients to collect, hold, convert, and send funds across its network; and issuing solutions, such as airport lounge access, dining reservations, shopping experiences, event tickets, and seller offers. In addition, the company provides acceptance solutions, an omnichannel payment integration with e-commerce platforms; risk detection and prevention solutions; and advisory and other services comprising consulting practice, proprietary analytics models, data scientists and economists, marketing services, and managed services. It provides its services under the Visa, Visa Electron, V PAY, Interlink, and PLUS brands. The company serves consumers, sellers, financial institutions, and government entities. Visa Inc. was founded in 1958 and is headquartered in San Francisco, California.",2025-11-17,True,Mega
28,JNJ,Johnson & Johnson,Mr. Joaquin  Duato,United States,NJ,New Brunswick,472.05318656,499.28617984,31.921999872,92.148998144,0.273,0.3,0.083,0.336,57.77,12.008999936,8.267487,2.409295102,0.008,0.7485,18.93,5.95,2.65,0.4908,2025-11-24,0.36,Healthcare,Drug Manufacturers - General,6,8,3,3,4,230.0,155.0,200.82375,204.5,2.16,buy,24,"Johnson & Johnson, together with its subsidiaries, engages in the research and development, manufacture, and sale of various products in the healthcare field worldwide. It operates in two segments, Innovative Medicine and MedTech. The Innovative Medicine segment offers products for various therapeutic areas, such as immunology, including rheumatoid arthritis, psoriatic arthritis, inflammatory bowel disease, and psoriasis; infectious diseases comprising HIV/AIDS; neuroscience, consisting of mood disorders, neurodegenerative disorders, and schizophrenia; oncology, such as prostate cancer, hematologic malignancies, lung cancer, and bladder cancer; cardiovascular and metabolism, including thrombosis, diabetes, and macular degeneration; and pulmonary hypertension comprising pulmonary arterial hypertension through retailers, wholesalers, distributors, hospitals, and healthcare professionals for prescription use. The MedTech segment provides electrophysiology products to treat heart rhythm disorders; the heart recovery portfolio, which includes technologies to treat severe coronary artery disease requiring high-risk PCI or AMI cardiogenic shock; circulatory restoration products for the treatment of calcified coronary artery and peripheral artery diseases; and neurovascular care that treats hemorrhagic and ischemic stroke. This segment offers an orthopaedics portfolio that includes products and enabling technologies that support hips, knees, trauma, spine, sports, and other; surgery portfolios comprising advanced and general surgery technologies, as well as solutions for breast aesthetics and reconstruction; contact lenses under the ACUVUE brand; and TECNIS intraocular lenses for cataract surgery. It distributes its products to wholesalers, hospitals, and retailers, as well as physicians, nurses, hospitals, eye care professionals, and clinics. The company was founded in 1886 and is based in New Brunswick, New Jersey.",2025-11-17,True,Mega
22,ABBV,AbbVie Inc.,Mr. Robert A. Michael CPA,United States,IL,North Chicago,410.669481984,473.89048832,29.518999552,59.643998208,0.04,0.35,0.096,1.38,0.0,20.799000576,5.643823,1.767384632,0.011,0.7502,176.03,-155.42,2.98,4.9015,2026-01-15,0.35,Healthcare,Drug Manufacturers - General,6,5,2,9,7,289.0,184.0,243.55345,245.0,1.93333,buy,29,"AbbVie Inc., a research-based biopharmaceutical company, engages in the research and development, manufacture, commercialization, and sale of medicines and therapies worldwide. The company offers Humira, an injection for autoimmune and intestinal Behçet's diseases, generalized pustular psoriasis, and pyoderma gangrenosum; Skyrizi to treat autoimmune diseases, erythrodermic psoriasis, generalized pustular psoriasis, and palmoplantar pustulosis; Rinvoq to treat inflammatory diseases; Imbruvica for the treatment of adult patients with blood cancers; Venclexta/Venclyxto to treat blood cancers; Elahere to treat various cancer; and Epkinly to treat lymphoma. It also provides facial injectables, plastics and regenerative medicine, body contouring, and skincare products; botox therapeutic to treat neurologic diseases; Vraylar to treat schizophrenia, bipolar disorder, and depressive disorder; Duopa and Duodopa to treat Parkinson's disease; Ubrelvy to treat migraine; and Qulipta for episodic and chronic migraine, as well as other neuroscience products. In addition, the company offers Ozurdex for eye diseases; Lumigan/Ganfort and Alphagan/Combigan for the reduction of elevated intraocular pressure in patients with open angle glaucoma or ocular hypertension; Restasis to increase tear production; and other eye care products. Further, it provides Mavyret/Maviret to treat chronic hepatitis C virus genotype 1-6 infection; Creon, a pancreatic enzyme therapy; and Linzess/Constella to treat irritable bowel syndrome with constipation and chronic idiopathic constipation. The company was incorporated in 2012 and is headquartered in North Chicago, Illinois.",2025-11-17,True,Mega
8,COST,Costco Wholesale Corporation,Mr. Ron M. Vachris,United States,WA,Issaquah,409.97617664,403.69651712,12.808999936,275.235012608,0.029,0.04,0.088,0.307,34.07,5.899125248,2.381868,0.443179176,0.016,0.7208,50.77,14.03,0.56,0.2702,2025-10-30,0.98,Consumer Defensive,Discount Stores,6,3,5,1,1,1218.0,640.0,1055.9678,1060.0,2.0,buy,31,"Costco Wholesale Corporation, together with its subsidiaries, engages in the operation of membership warehouses in the United States, Puerto Rico, Canada, Mexico, Japan, the United Kingdom, Korea, Australia, Taiwan, China, Spain, France, Iceland, New Zealand, and Sweden. It offers merchandise, including sundries, dry groceries, candies, coolers, freezers, deli, liquor, and tobacco; non-food merchandise comprising appliances, small electronics, health and beauty aids, hardware, lawn and garden, sporting goods, tires, toys and seasonal, automotive, stamps, tickets, apparel, furniture, domestics, housewares, special order kiosks, and jewelry; and fresh food, such as meat, produce, service deli, and bakery products. The company is also involved in warehouse ancillary operations, which include gasoline, pharmacies, optical, food courts, hearing-aid centers, and tire installation centers. In addition, it engages in e-commerce, business centers, travel, and other businesses. The company was formerly known as Costco Companies, Inc. and changed its name to Costco Wholesale Corporation in August 1999. Costco Wholesale Corporation was founded in 1976 and is based in Issaquah, Washington.",2025-11-17,True,Mega
2,AMD,"Advanced Micro Devices, Inc.",Dr. Lisa T. Su Ph.D.,United States,CA,Santa Clara,403.689177088,398.443937792,6.054000128,32.027000832,0.103,0.14,0.026,0.053,6.37,3.245499904,58.120065,1.62804154,0.023,0.6952,129.9,6.61,0.0,0.0,1995-04-26,1.91,Technology,Semiconductors,7,4,9,3,6,380.0,134.2,276.7558,285.0,1.54902,buy,43,"Advanced Micro Devices, Inc. operates as a semiconductor company worldwide. It operates in three segments: Data Center, Client and Gaming, and Embedded. The company offers artificial intelligence (AI) accelerators, x86 microprocessors, and graphics processing units (GPUs) as standalone devices or as incorporated into accelerated processing units, chipsets, and data center and professional GPUs; and embedded processors and semi-custom system-on-chip (SoC) products, microprocessor and SoC development services and technology, data processing units, field programmable gate arrays (FPGA), system on modules, smart network interface cards, and adaptive SoC products. It provides processors under the AMD Ryzen, AMD Ryzen AI, AMD Ryzen PRO, AMD Ryzen Threadripper, AMD Ryzen Threadripper PRO, AMD Athlon, and AMD PRO A-Series brands; graphics under the AMD Radeon graphics and AMD Embedded Radeon graphics; professional graphics under the AMD Radeon Pro graphics brand; and AI and general-purpose compute infrastructure for hyperscale providers. The company offers data center graphics under the AMD Instinct accelerators and Radeon PRO V-series brands; server microprocessors under the AMD EPYC brand; low power solutions under the AMD Athlon, AMD Geode, AMD Ryzen, AMD EPYC, and AMD R-Series and G-Series brands; FPGA products under the Virtex-6, Virtex-7, Virtex UltraScale+, Kintex-7, Kintex UltraScale, Kintex UltraScale+, Artix-7, Artix UltraScale+, Spartan-6, and Spartan-7 brands; adaptive SOCs under the Zynq-7000, Zynq UltraScale+ MPSoC, Zynq UltraScale+ RFSoCs, Versal HBM, Versal Premium, Versal Prime, Versal AI Core, Versal AI Edge, Vitis, and Vivado brands; and compute and network acceleration board products under the Alveo and Pensando brands. It serves original equipment and design manufacturers, public cloud service providers, system integrators, distributors, and add-in-board manufacturers. The company was incorporated in 1969 and is headquartered in Santa Clara, California.",2025-11-17,True,Mega
1,ASML,ASML Holding N.V.,Mr. Christophe D. Fouquet,Netherlands,N/A,Veldhoven,396.58323968,387.579838464,12.157899776,32.212000768,0.294,0.33,0.162,0.539,14.24,9.320262656,1.494882,0.388147674,0.004,0.1857,35.71,20.53,0.73,0.2672,2025-10-28,1.35,Technology,Semiconductor Equipment & Materials,N/A,N/A,N/A,N/A,N/A,1187.6686,750.9574,1010.9539,981.25104,1.73684,buy,13,"ASML Holding N.V. provides lithography solutions for the development, production, marketing, sales, upgrading, and servicing of advanced semiconductor equipment systems. It offers lithography, metrology, and inspection systems. The company also provides extreme ultraviolet lithography systems; and deep ultraviolet lithography systems comprising immersion and dry lithography systems solutions to manufacture various range of semiconductor nodes and technologies. In addition, it offers metrology and inspection systems, including YieldStar optical metrology systems to assess the quality of patterns on the wafers; and HMI electron beam solutions to identify and analyze individual chip defects. Further, the company provides computational lithography solutions, and lithography systems and control software solutions; and refurbishes and upgrades lithography systems, as well as offers customer support and related services. Additionally, it offers hardware, software, and services to chipmakers to produce the patterns of integrated circuits. The company operates in Japan, South Korea, Singapore, Taiwan, China, rest of Asia, the Netherlands, rest of Europe, the Middle East, Africa, and the United States. The company was formerly known as ASM Lithography Holding N.V. and changed its name to ASML Holding N.V. in 2001. ASML Holding N.V. was founded in 1984 and is headquartered in Veldhoven, the Netherlands.",2025-11-17,True,Mega
21,DIS,The Walt Disney Company,Mr. Robert A. Iger,United States,CA,Burbank,192.114950144,233.354559488,19.419000832,94.424997888,0.131,0.12,0.045,0.122,39.63,6.932624896,8.642889,1.785288846,0.01,0.7575,15.45,1.72,0.95,0.146,2025-06-23,1.49,Communication Services,Entertainment,5,1,8,4,2,160.0,77.0,133.00357,135.0,1.64516,buy,28,"The Walt Disney Company operates as an entertainment company in Americas, Europe, and the Asia Pacific. It operates in three segments: Entertainment, Sports, and Experiences. The company produces and distributes film and television content under the ABC Television Network, Disney, Freeform, FX, Fox, National Geographic, and Star brand television channels, as well as ABC television stations and A+E television networks; and produces original content under the Disney Branded Television, FX Productions, Lucasfilm, Marvel, National Geographic Studios, Pixar, Searchlight Pictures, Twentieth Century Studios, 20th Television, and Walt Disney Pictures banners. It also provides direct-to-consumer streaming services through Disney+, Disney+ Hotstar, and Hulu; sports-related video streaming content through ESPN, ESPN on ABC, ESPN+ DTC, and Star; sale/licensing of film and episodic content to television and video-on-demand services; theatrical, home entertainment, and music distribution services; DVD and Blu-ray discs, electronic home video licenses, and VOD rental services; staging and licensing of live entertainment events; and post-production services. In addition, the company operates theme parks and resorts, such as Walt Disney World Resort, Disneyland Resort, Disneyland Paris, Hong Kong Disneyland Resort, Shanghai Disney Resort, Disney Cruise Line, Disney Vacation Club, National Geographic Expeditions, and Adventures by Disney, as well as Aulani, a Disney resort and spa in Hawaii. Further, it licenses its intellectual property (IP) to a third party that owns and operates Tokyo Disney Resort; licenses trade names, characters, visual, literary, and other IP for use on merchandise, published materials, and games; operates a direct-to-home satellite distribution platform; sells branded merchandise through retail, online, and wholesale businesses; and develops and publishes books, comic books, and magazines. The company was founded in 1923 and is based in Burbank, California.",2025-11-17,True,Large
4,UBER,"Uber Technologies, Inc.",Mr. Dara  Khosrowshahi,United States,CA,San Francisco,190.703271936,195.645816832,5.290999808,49.609998336,0.335,0.08,0.052,0.73,45.76,6.787375104,16.712835,2.077830381,0.025,0.871,11.79,6.77,0.0,0.0,,1.18,Technology,Software - Application,4,3,9,7,7,150.0,82.0,110.54706,110.0,1.56364,buy,51,"Uber Technologies, Inc. develops and operates proprietary technology applications in the United States, Canada, Latin America, Europe, the Middle East, Africa, and the Asia Pacific. It operates through three segments: Mobility, Delivery, and Freight. The Mobility segment connects consumers with a range of transportation modalities, such as ridesharing, carsharing, micromobility, rentals, public transit, taxis, and other modalities; and offers riders in a variety of vehicle types, as well as financial partnerships products and advertising services. The Delivery segment allows consumers to search for and discover restaurants to grocery, alcohol, convenience, and other retails, as well as order a meal or other items, and either pick-up at the restaurant or have it delivered; and provides Uber direct, a white-label delivery-as-a-service for retailers and restaurants, as well as advertising services. The Freight segment manages transportation and logistics network, which connects shippers and carriers in digital marketplace, including carriers upfronts, pricing, and shipment booking; and offers on-demand platform to automate logistics end-to-end transactions for small-and medium-sized business to global enterprises. The company was formerly known as Ubercab, Inc. and changed its name to Uber Technologies, Inc. in February 2011. Uber Technologies, Inc. was founded in 2009 and is headquartered in San Francisco, California.",2025-11-17,True,Large
15,VZ,Verizon Communications Inc.,Mr. Daniel H. Schulman,United States,NY,New York,173.337264128,341.947416576,50.19400192,137.49100544,0.144,0.24,0.052,0.199,164.8,15.382375424,24.734887,4.216425489,0.024,0.6888,8.75,1.65,6.72,0.5805,2025-10-09,0.32,Communication Services,Telecom Services,6,2,2,3,1,58.0,43.0,47.525,47.0,2.29167,buy,20,"Verizon Communications Inc., through its subsidiaries, engages in the provision of communications, technology, information, and entertainment products and services to consumers, businesses, and governmental entities worldwide. It operates in two segments, Verizon Consumer Group (Consumer) and Verizon Business Group (Business). The Consumer segment provides wireless services across the wireless networks in the United States under the Verizon and TracFone brands and through wholesale and other arrangements; and fixed wireless access (FWA) broadband through its wireless networks, as well as related equipment and devices, such as smartphones, tablets, smart watches, and other wireless-enabled connected devices. The segment also offers wireline services in the Mid-Atlantic and Northeastern United States, as well as Washington D.C. through its fiber-optic network, Verizon Fios product portfolio, and a copper-based network. The Business segment provides wireless and wireline communications services and products, including FWA broadband, data, video and conferencing, corporate networking, security and managed network, local and long-distance voice, and network access services to deliver various IoT services and products to businesses, government customers, and wireless and wireline carriers in the United States and internationally. The company was formerly known as Bell Atlantic Corporation and changed its name to Verizon Communications Inc. in June 2000. Verizon Communications Inc. was incorporated in 1983 and is headquartered in New York, New York.",2025-11-17,True,Large
23,INTC,Intel Corporation,Mr. Lip-Bu  Tan,United States,CA,Santa Clara,171.29070592,195.402399744,10.437000192,53.439000576,0.004,0.06,-0.005,0.002,39.88,-4.420874752,119.839282,4.77,0.024,0.6305,592.0,1.59,0.0,0.0,2024-08-06,1.35,Technology,Semiconductors,7,2,9,2,6,52.0,20.4,37.26639,38.95,3.11364,hold,36,"Intel Corporation designs, develops, manufactures, markets, and sells computing and related products and services worldwide. It operates through Intel Products, Intel Foundry, and All Other segments. The company offers microprocessor and chipset, stand-alone SoC, and multichip package; Computer Systems and Devices; hardware products comprising CPUs, graphics processing units (GPUs), accelerators, and field programmable gate arrays (FPGAs); and memory and storage, connectivity and networking, and other semiconductor products. It also offers silicon and software products; and optimization solutions for workloads, such as AI, cryptography, security, storage, networking, and leverages various features supporting diverse compute environments. In addition, the company provides driving assistance and self-driving solutions; advanced process technologies enabled by an ecosystem of electronic design automation tools, intellectual property, and design services, as well as systems of chips, including advanced packaging technologies, software, and system. Further, it delivers and deploys intelligent edge platforms that allow developers to achieve agility and drive automation using AI for efficient operations with data integrity, as well as provides hardware and software platforms, tools, and ecosystem partnerships for digital transformation from the cloud to edge. The company serves original equipment manufacturers, original design manufacturers, cloud service providers, and other manufacturers and service providers. Intel Corporation was incorporated in 1968 and is headquartered in Santa Clara, California.",2025-11-17,True,Large
34,GEV,GE Vernova Inc.,Mr. Scott L. Strazik,United States,MA,Cambridge,156.907323392,151.525326848,2.935000064,37.669998592,0.045,0.06,0.024,0.167,11.1,2.413625088,2.930834,0.271320459,0.026,0.7899,94.34,18.15,0.17,0.1221,2025-10-19,0.0,Industrials,Specialty Industrial Machinery,10,3,7,8,7,760.0,420.0,679.3019,710.0,1.90625,buy,27,"GE Vernova Inc., an energy company, engages in the provision of various products and services that generate, transfer, orchestrate, convert, and store electricity in the United States, Europe, Asia, the Americas, the Middle East, and Africa. The company operates through three segments: Power, Wind, and Electrification. The Power segment designs, manufactures, and services gas, nuclear, hydro, and steam technologies. The Wind segment offers wind generation technologies, including onshore and offshore wind turbines and blades. The Electrification segment provides grid solutions, power conversion, solar, and storage solutions; and electrification software for the transmission, distribution, conversion, storage, and orchestration of electricity from point of generation to point of consumption. The company was incorporated in 2023 and is headquartered in Cambridge, Massachusetts.",2025-11-17,True,Large
35,TXN,Texas Instruments Incorporated,Mr. Richard K. Templeton,United States,TX,Dallas,147.405914112,153.630900224,7.815000064,17.265999872,0.292,0.37,0.107,0.298,84.48,-0.684249984,7.57784,0.90862302,0.022,0.9071,28.97,8.71,3.56,0.9909,2025-10-30,0.99,Technology,Semiconductors,5,9,9,6,8,245.0,125.0,189.55727,185.0,,none,33,"Texas Instruments Incorporated designs, manufactures, and sells semiconductors to electronics designers and manufacturers in the United States, China, rest of Asia, Europe, Middle East, Africa, Japan, and internationally. The company operates through Analog and Embedded Processing segments. The Analog segment offers power products to manage power requirements across various voltage levels, including battery-management solutions, DC/DC switching regulators, AC/DC and isolated controllers and converters, power switches, linear regulators, voltage references, and lighting products. This segment provides signal chain products that sense, condition, and measure signals to allow information to be transferred or converted for further processing and control, including amplifiers, data converters, interface products, motor drives, clocks, and logic and sensing products. The Embedded Processing segment offers microcontrollers, processors, wireless connectivity, and radar products; and applications processors for specific computing activity. This segment offers products for use in various markets, such as industrial, automotive, personal electronics, communications equipment, enterprise systems, calculators, and others. It provides DLP products primarily for use in project high-definition images; calculators; and application-specific integrated circuits. The company markets and sells its semiconductor products through direct sales and distributors, as well as through its website. Texas Instruments Incorporated was founded in 1930 and is headquartered in Dallas, Texas.",2025-11-17,True,Large
9,COF,Capital One Financial Corporation,Mr. Richard D. Fairbank,United States,VA,McLean,137.82704128,137.223151616,,28.885999616,0.049,0.39,0.002,0.016,0.0,,3.450446,0.635733605,0.011,0.877,72.56,1.24,1.52,0.8219,2025-11-16,1.17,Financial Services,Credit Services,4,5,8,2,5,290.0,210.0,260.2381,264.0,1.65217,buy,21,"Capital One Financial Corporation operates as the financial services holding company for the Capital One, National Association, which engages in the provision of various financial products and services in the United States, Canada, and the United Kingdom. It operates through three segments: Credit Card, Consumer Banking, and Commercial Banking. The company accepts checking accounts, money market deposits, negotiable order of withdrawals, savings deposits, and time deposits. Its loan products include credit card loans; auto and retail banking loans; and commercial and multifamily real estate, and commercial and industrial loans. The company offers credit and debit card products; online direct banking services; and provides advisory, capital markets, treasury management, and depository services. It serves consumers, small businesses, and commercial clients through digital channels, branches, cafés, and other distribution channels located in New York, Louisiana, Texas, Maryland, Virginia, New Jersey, and California. Capital One Financial Corporation was founded in 1988 and is headquartered in McLean, Virginia.",2025-11-17,True,Large
16,CRWD,"CrowdStrike Holdings, Inc.",Mr. George R. Kurtz,United States,TX,Austin,134.900932608,130.777038848,-0.091371,4.34110208,-0.068,-0.06,-0.021,-0.089,21.36,1.44398016,2.895553,0.25095514,0.028,0.7445,0.0,35.89,0.0,0.0,,1.09,Technology,Software - Infrastructure,10,9,10,10,10,706.0,330.0,518.95557,530.0,1.90385,buy,45,"CrowdStrike Holdings, Inc. provides cybersecurity solutions in the United States and internationally. Its unified platform provides cloud-delivered protection of endpoints, cloud workloads, identity, and data through a software as a service (SaaS) subscription-based model. The company offers corporate endpoint and cloud workload security, managed security, security and vulnerability management, IT operations management, identity protection, threat intelligence, data protection, SaaS security posture management, and AI powered workflow automation, and securing generative AI workload services, as well as security orchestration, automation, and response; and security information and event management, and log management services. It primarily sells subscriptions to its Falcon platform and cloud modules. CrowdStrike Holdings, Inc. was incorporated in 2011 and is headquartered in Austin, Texas.",2025-11-17,True,Large
20,LOW,"Lowe's Companies, Inc.",Mr. Marvin R. Ellison,United States,NC,Mooresville,129.814142976,161.617952768,12.490999808,83.612000256,0.082,0.14,0.143,0.0,0.0,6.854249984,2.692984,0.560824905,0.014,0.8003,18.69,-11.21,2.11,0.3815,2025-10-21,0.96,Consumer Cyclical,Home Improvement Retail,4,5,5,3,4,325.0,221.0,278.5625,280.0,1.91429,buy,32,"Lowe's Companies, Inc., together with its subsidiaries, operates as a home improvement retailer in the United States. It provides a line of products for construction, maintenance, repair, remodeling, and decorating. The company also offers home improvement products, such as appliances, seasonal and outdoor living, lumber, lawn and garden, kitchens and bath, hardware, building materials, millwork, paint, rough plumbing, tools, electrical, flooring, and décor. In addition, it offers installation services through independent contractors in various product categories; and extended protection plans and repair services. The company sells its national brand-name merchandise and private brand products to professional customers, individual homeowners, and renters. The company also sells its products through Lowes.com website, as well as through mobile applications. Further, it provides design, distribution, and installation services for interior surface finishes to home builders and property managers. Lowe's Companies, Inc. was founded in 1921 and is based in Mooresville, North Carolina.",2025-11-17,True,Large
25,PLD,"Prologis, Inc.",Mr. Hamid R. Moghadam,United States,CA,San Francisco,115.179511808,153.469124608,6.452320256,9.100544,0.352,0.43,0.025,0.06,62.79,4.712527872,3.339401,0.928867,0.013,0.9719,35.71,2.17,3.29,1.1599,2025-09-15,1.41,Real Estate Investment Trusts,REIT - Industrial,7,4,8,3,6,145.0,116.0,129.95,132.5,1.91667,buy,20,"Prologis, Inc., is the global leader in logistics real estate with a focus on high-barrier, high-growth markets. At September 30, 2025, the company owned or had investments in, on a wholly owned basis or through co-investment ventures, properties and development projects expected to total approximately 1.3 billion square feet (120 million square meters) in 20 countries. Prologis leases modern logistics facilities to a diverse base of approximately 6,500 customers principally across two major categories: business-to-business and retail/online fulfillment.",2025-11-17,True,Large
13,HOOD,"Robinhood Markets, Inc.",Mr. Vladimir  Tenev,United States,CA,Menlo Park,109.278420992,106.920640512,,4.204,0.522,0.52,0.052,0.278,188.79,,36.214656,0.786356025,0.06,0.7627,51.04,12.85,0.0,0.0,,2.42,Financial Services,Capital Markets,2,10,9,10,10,180.0,86.0,150.49777,155.0,2.04,buy,22,"Robinhood Markets, Inc. operates financial services platform in the United States. Its platform allows users to invest in stocks, exchange-traded funds (ETFs), American depository receipts, options, gold, and cryptocurrencies. The company offers fractional trading, recurring investments, fully-paid securities lending, access to investing on margin, cash sweep, instant withdrawals, retirement program, around-the-clock trading, joint investing accounts, event contracts, and future contract services. It also provides various learning and education solutions comprise Snacks, an accessible digest of business news stories for a new generation of investors.; Learn, which is an online collection of guides, feature tutorials, and financial dictionary; Newsfeeds that offer access to free, premium news from sites from various sites, such as Barron's, Reuters, and Dow Jones. In addition, the company offers In-App Education, a resource that covers investing fundamentals, including why people invest, a stock market overview, and tips on how to define investing goals, as well as allows customers to understand the basics of investing before their first trade; and Crypto Learn and Earn, an educational module available to various crypto customers through Robinhood Learn to teach customers the basics related to cryptocurrency. Further, it provides Robinhood credit cards, cash card and spending accounts, and wallets. The company also owns and operates a digital currency marketplace that allows companies and individuals from all around the world to buy and sell bitcoin, litecoin, ethereum, ripple, and bitcoin cash. Robinhood Markets, Inc. was incorporated in 2013 and is headquartered in Menlo Park, California.",2025-11-17,True,Large
3,MELI,"MercadoLibre, Inc.",Mr. Marcos  Eduardo Galperín,Uruguay,N/A,Montevideo,103.872946176,109.683949568,3.864,26.193000448,0.079,0.1,0.066,0.406,159.3,-4.066249984,0.47405,0.050697182,0.011,0.8459,50.0,16.63,0.0,0.0,2017-12-27,1.42,Consumer Cyclical,Internet Retail,6,9,5,7,8,3500.0,2170.0,2869.6538,2875.0,1.42308,strong_buy,26,"MercadoLibre, Inc. operates online commerce platforms in Brazil, Mexico, Argentina, and internationally. The company operates Mercado Libre Marketplace, an online commerce platform that can be accessed through mobile app or website; and Mercado Pago, a financial technology solution platform, which offers comprehensive set of financial technology services to users and other users of its e-commerce platform. It also provides Mercado Fondo that allows users to invest funds deposited in their Mercado Pago accounts; Mercado Credito, which grants loans and obtains better funding alternatives; and Mercado Mercado Envios that facilitates the shipping of goods from the Company and sellers to buyers. In addition, the company provides Mercado Libre Classifieds, where users can list vehicles, properties, and services; Mercado Ads, an advertising platform, which enables retailers and brands to promote their products and services on the platform; and Mercado Shops which allows users to set-up, manage, and promote their own online webstores under a subscription-based business model. MercadoLibre, Inc. was incorporated in 1999 and is headquartered in Montevideo, Uruguay.",2025-11-17,True,Large
14,NKE,"NIKE, Inc.",Mr. Mark G. Parker,United States,OR,Beaverton,97.605632,97.342185472,4.196999936,46.440001536,0.062,0.08,0.057,0.211,82.13,3.629374976,14.413515,1.189313611,0.039,0.8326,32.91,7.04,2.49,0.8205,2025-09-01,1.29,Consumer Cyclical,Footwear & Accessories,9,10,7,10,10,120.0,38.0,83.70029,84.0,2.025,buy,35,"NIKE, Inc., together with its subsidiaries, designs, develops, markets, and sells athletic and casual footwear, apparel, equipment, accessories, and services for men, women, and kids in North America, Europe, the Middle East, Africa, Greater China, the Asia Pacific, and Latin America. The company offers its products under the NIKE, Jordan, Jumpman, Converse, Chuck Taylor, All Star, One Star, Star Chevron, and Jack Purcell trademarks. It also provides a line of performance equipment and accessories, including bags, socks, sport balls, eyewear, timepieces, digital devices, bats, gloves, protective equipment, and other equipment for sports activities, as well as various plastic products to other manufacturers; distributes and licenses casual sneakers, apparel, and accessories; and markets apparel with licensed college and professional team and league logos. In addition, the company offers consumer services and experiences, including sport focused events and activations; fitness and activity apps; sport, fitness, and wellness content; and digital services and features in retail stores. It sells its products to footwear stores; sporting goods stores; athletic specialty stores; department stores; skate, tennis, and golf shops; and other wholesale accounts through NIKE-owned retail stores, independent distributors, licensees, sales representatives, and digital platforms. The company was formerly known as Blue Ribbon Sports, Inc. and changed its name to NIKE, Inc. in May 1971. NIKE, Inc. was founded in 1964 and is headquartered in Beaverton, Oregon.",2025-11-17,True,Large
10,WM,"Waste Management, Inc.",Mr. James C. Fish Jr.,United States,TX,Houston,84.267696128,107.455700992,7.277000192,24.783998976,0.103,0.19,0.071,0.293,245.4,1.471250048,1.737703,0.402867051,0.011,0.8401,32.89,8.85,1.58,0.5079,2025-12-04,0.59,Industrials,Waste Management,1,1,1,4,1,270.0,198.0,245.70833,246.5,1.81481,buy,24,"Waste Management, Inc., through its subsidiaries, provides environmental solutions to residential, commercial, industrial, and municipal customers in the United States, Canada, Western Europe, and internationally. It offers collection services, including picking up and transporting waste and recyclable materials from where it was generated to a transfer station, recovery facility, or disposal site; owns and operates transfer stations; and owns, develops, and operates landfill gas-to-energy facilities that produce renewable electricity and renewable natural gas. It also operates materials processing and commodities recycling services, including cardboard, paper, glass, metals, plastics, construction and demolition materials, and other recycling commodities are recovered for resale or redirected for other purposes; recycling brokerage services, such as managing the marketing of recyclable materials for third parties; and other strategic business solutions. In addition, the company collects recyclable food and yard waste, as well as markets and sells mulch, compost, soil amendments, and renewable energy; offers remediation and construction, and industrial waste services; and manages and markets fly ash. Further, it provides Regulated Waste and Compliance Services (RWCS), which offers compliance programs, as well as collection, processing, and disposal of regulated and specialized waste, including medical, pharmaceutical, and hazardous waste; and Secure Information Destruction (SID) services that includes the collection of personal and confidential information for secure destruction and recycling of sorted office paper. The company was formerly known as USA Waste Services, Inc. and changed its name to Waste Management, Inc. in 1998. Waste Management, Inc. was founded in 1968 and is based in Houston, Texas.",2025-11-17,True,Large
33,ABNB,"Airbnb, Inc.",Mr. Brian  Chesky,United States,CA,San Francisco,73.483526144,64.580796416,2.760999936,11.943000064,0.22,0.4,0.075,0.308,26.46,3.233625088,4.725343,0.42529412,0.043,0.8514,29.05,8.62,0.0,0.0,,1.11,Consumer Cyclical,Travel Services,9,10,10,10,10,180.0,102.0,139.25429,140.0,2.57778,hold,35,"Airbnb, Inc., together with its subsidiaries, operates a platform that enables hosts to offer stays and experiences to guests worldwide. Its marketplace connects hosts and guests online or through mobile devices to book spaces and experiences. It also offers gift cards. The company was formerly known as AirBed & Breakfast, Inc. and changed its name to Airbnb, Inc. in November 2010. Airbnb, Inc. was founded in 2007 and is headquartered in San Francisco, California.",2025-11-17,True,Large
29,WDAY,"Workday, Inc.",Mr. Aneel  Bhusri,United States,CA,Pleasanton,59.671830528,57.218940928,1.107000064,8.958999552,0.065,0.11,0.028,0.067,41.17,2.457999872,3.031542,0.217,0.052,0.9685,107.36,6.72,0.0,0.0,,1.14,Technology,Software - Application,3,10,10,10,10,340.0,230.0,281.43756,280.0,1.7,buy,37,"Workday, Inc. provides enterprise cloud applications in the United States and internationally. The company offers a suite of financial management applications to maintain accounting information; manage financial processes, such as payables and receivables; identify real-time financial, operational, and management insights; perform financial consolidation; reduce time-to-close; promote internal control and auditability; and achieve consistency across finance operations. It also provides spend management solutions that help organizations to streamline supplier selection and contract management, build and execute sourcing events, such as requests for proposals, and manage indirect spend; expense management solutions to submit and approve expenses; and a suite of human capital management applications that enables HR teams to hire, onboard, pay, develop, reskill, and provide employee experiences. In addition, the company offers planning applications; and applications for analytics and reporting comprising augmented analytics to surface insights to the line of business in simple-to-understand stories. Further, it provides supply chain and inventory solutions to healthcare organizations; solutions to manage the end-to-end student and faculty lifecycle; Workday Extend for customers and their developers to build custom applications; and Workday Illuminate, which helps customers accelerate manual tasks, assist employees, and transform business processes. The company serves the professional and business services, financial services, healthcare, education, government, technology, media, retail, and hospitality industries. It sells its solutions through its direct sales organization. The company was formerly known as North Tahoe Power Tools, Inc. and changed its name to Workday, Inc. in July 2005. Workday, Inc. was incorporated in 2005 and is headquartered in Pleasanton, California.",2025-11-17,True,Large
19,O,Realty Income Corporation,Mr. Sumit  Roy,United States,CA,San Diego,52.250648576,81.079648256,5.052203008,5.614793216,0.171,0.45,0.023,0.025,73.98,2.043045248,5.586475,0.919905765,0.064,0.8016,53.08,1.34,5.69,2.9953,2025-11-27,0.81,Real Estate Investment Trusts,REIT - Retail,9,1,5,8,5,75.0,59.0,63.28571,62.0,2.56,hold,21,"Realty Income (NYSE: O), an S&P 500 company, is real estate partner to the world's leading companies. Founded in 1969, we serve our clients as a full-service real estate capital provider. As of September 30, 2025, we have a portfolio of over 15,500 properties in all 50 U.S. states, the U.K., and seven other countries in Europe. We are known as The Monthly Dividend Company and have a mission to invest in people and places to deliver dependable monthly dividends that increase over time. Since our founding, we have declared 664 consecutive monthly dividends and are a member of the S&P 500 Dividend Aristocrats index for having increased our dividend for over 30 consecutive years.",2025-11-17,True,Large
17,CMG,"Chipotle Mexican Grill, Inc.",Mr. Scott  Boatwright,United States,CA,Newport Beach,41.744318464,45.303160832,2.340452096,11.787400192,0.13,0.16,0.136,0.45,154.57,1.142371328,22.069953,1.322278,0.022,0.9065,27.94,12.99,0.0,0.0,,1.0,Consumer Cyclical,Restaurants,6,1,10,7,8,55.0,34.0,43.18182,44.0,1.66667,buy,33,"Chipotle Mexican Grill, Inc., together with its subsidiaries, owns and operates Chipotle Mexican Grill restaurants. It sells food and beverages, such as burritos, burrito bowls, quesadillas, tacos, and salads, as well as lifestyle bowls, kids's meal, chips, sides, and drinks. The company also provides delivery and related services through its app and website. It has operations in the United States, Canada, France, Germany, Dubai, and the United Kingdom. Chipotle Mexican Grill, Inc. was founded in 1993 and is headquartered in Newport Beach, California.",2025-11-17,True,Large
38,GEHC,GE HealthCare Technologies Inc.,Mr. Peter J. Arduini,United States,IL,Chicago,33.694930944,40.287404032,3.625999872,20.245999616,0.109,0.14,0.055,0.245,105.13,1.485250048,3.313721,0.455521592,0.033,0.8886,15.14,3.33,0.19,0.028,2025-10-23,1.27,Healthcare,Health Information Services,1,6,5,5,4,108.0,73.0,88.44048,87.0,1.77273,buy,21,"GE HealthCare Technologies Inc. engages in the development, manufacture, and marketing of products, services, and complementary digital solutions used in the diagnosis, treatment, and monitoring of patients in the United States, Canada, and internationally. The company operates through four segments: Imaging, Advanced Visualization Solutions (AVS), Patient Care Solutions (PCS), and Pharmaceutical Diagnostics (PDx). The Imaging segment offers molecular imaging, computed tomography (CT) scanning, magnetic resonance (MR) imaging, image-guided therapy, X-ray systems, and women's health products. The AVS segment provides ultrasound, image guided therapies, and interventional solutions for screening, diagnosis, treatment, and monitoring of certain diseases in clinical areas, such as women's health, cardiovascular, and comprehensive care ultrasound as well as surgical visualization and guidance products. The PCS segment provides medical devices, consumables, services, and digital solutions. Its portfolio includes patient monitoring, diagnostic cardiology, consumables and services, digital solutions, maternal infant care, and anesthesia products. The PDx segment supplies diagnostic agents, including CT, angiography and X-ray, MR, single-photon emission computed tomography, and positron emission tomography to the radiology and nuclear medicine industries. The segment also provides contrast media pharmaceuticals that are administered to a patient prior to certain diagnostic scans to increase the visibility of tissues or structures during imaging exams; and molecular imaging agents or radiopharmaceuticals, which are molecular tracers labeled with radioisotopes. The company was formerly known as GE Healthcare Holding LLC and changed its name to GE HealthCare Technologies Inc. in December 2022. The company was incorporated in 2022 and is headquartered in Chicago, Illinois.",2025-11-17,True,Large
32,VICI,VICI Properties Inc.,Mr. Edward Baltazar Pitoniak,United States,NY,New York,32.545306624,50.045456384,3.668513024,3.969078016,0.702,0.98,0.05,0.104,62.92,1.279214592,8.931406,1.068811371,0.03,1.0007,11.54,1.17,5.93,0.6644,2025-09-17,0.71,Real Estate,REIT - Diversified,2,2,2,8,4,42.0,34.0,36.45455,36.0,1.52174,buy,22,"VICI Properties Inc. is an S&P 500 experiential real estate investment trust that owns one of the largest portfolios of market-leading gaming, hospitality, wellness, entertainment and leisure destinations, including Caesars Palace Las Vegas, MGM Grand and the Venetian Resort Las Vegas, three of the most iconic entertainment facilities on the Las Vegas Strip. VICI Properties owns 93 experiential assets across a geographically diverse portfolio consisting of 54 gaming properties and 39 other experiential properties across the United States and Canada. The portfolio is comprised of approximately 127 million square feet and features approximately 60,300 hotel rooms and over 500 restaurants, bars, nightclubs and sportsbooks. Its properties are occupied by industry-leading gaming, leisure and hospitality operators under long-term, triple-net lease agreements. VICI Properties has a growing array of real estate and financing partnerships with leading developers and operators in other experiential sectors, including Cabot, Cain, Canyon Ranch, Chelsea Piers, Great Wolf Resorts, Homefield, Kalahari Resorts and Lucky Strike Entertainment. VICI Properties also owns four championship golf courses and approximately 33 acres of undeveloped and underdeveloped land adjacent to the Las Vegas Strip. VICI Properties' goal is to create the highest quality and most productive experiential real estate portfolio through a strategy of partnering with the highest quality experiential place makers and operators.",2025-11-17,True,Large
6,FSLR,"First Solar, Inc.",Mr. Mark R. Widmar,United States,AZ,Tempe,27.534196736,26.00953856,2.018718976,5.050625024,0.277,0.29,0.076,0.169,9.89,0.168763744,2.529334,0.107308141,0.102,1.0383,19.42,3.01,0.0,0.0,,1.59,Technology,Solar,3,9,8,7,8,335.0,150.0,269.63687,274.0,1.63889,buy,32,"First Solar, Inc., a solar technology company, provides photovoltaic (PV) solar energy solutions in the United States, France, India, Chile, and internationally. The company manufactures and sells PV solar modules with a thin film semiconductor technology that provides a lower-carbon alternative to conventional crystalline silicon PV solar modules. It also designs, manufactures, and sells cadmium telluride solar modules that converts sunlight into electricity. The company's residual business operations include project development activities, operations and maintenance services, and the sale of PV solar power systems to third-party customers. It serves developers and operators of systems, utilities, independent power producers, commercial and industrial companies, and other system owners. The company was formerly known as First Solar Holdings, Inc. and changed its name to First Solar, Inc. in 2006. First Solar, Inc. was founded in 1999 and is headquartered in Tempe, Arizona.",2025-11-17,True,Large
12,TTD,"The Trade Desk, Inc.",Mr. Jeffrey Terry Green,United States,CA,Ventura,20.731711488,19.207663616,0.619692992,2.79050496,0.157,0.22,0.058,0.168,14.46,0.543604096,14.197968,0.440318931,0.102,0.8861,47.65,7.82,0.0,0.0,,1.05,Communication Services,Advertising Agencies,10,10,9,10,10,98.0,34.0,62.8125,60.0,2.16216,buy,32,"The Trade Desk, Inc. operates as a technology company in the United States and internationally. The company offers a self-service cloud-based ad-buying platform that allows buyers to plan, manage, optimize, and measure data-driven digital advertising campaigns across various ad formats and channels, including video, display, audio, digital-out-of-home, native, and social on various devices, such as computers, mobile devices, televisions, and streaming devices. It provides data and other value-added services. The company serves advertising agencies, advertisers, and other service providers for agencies or advertisers. The Trade Desk, Inc. was incorporated in 2009 and is headquartered in Ventura, California.",2025-11-17,True,Large
31,DKNG,DraftKings Inc.,Mr. Jason D. Robins,United States,MA,Boston,14.778865664,15.402426368,-0.028085,5.458103808,-0.049,-0.24,-0.042,-0.296,260.36,0.460681248,15.560489,0.497772508,0.07,0.987,0.0,20.05,0.0,0.0,,1.61,Consumer Cyclical,Gambling,3,10,7,10,9,69.0,30.0,45.86364,46.0,1.58824,buy,33,"DraftKings Inc. operates as a digital sports entertainment and gaming company in the United States and internationally. It provides online sports betting, daily fantasy sports, media, digital lottery courier, media, and other products, as well as retails sportsbooks. The company also offers iGaming, or online casino products, which includes blackjack, roulette, baccarat and slot machines. In addition, the company also engages in the design and development of sports betting and casino gaming software for online and retail sportsbooks, and iGaming operators. Further, it offers DraftKings marketplace, a digital collectibles ecosystem designed for mainstream accessibility that offers curated NFT on marketplace. The company is headquartered in Boston, Massachusetts.",2025-11-17,True,Large
5,MRNA,"Moderna, Inc.",Mr. Stéphane  Bancel,United States,MA,Cambridge,9.752712192,5.907131392,-3.255000064,2.232,-1.396,-0.26,-0.155,-0.293,7.87,-1.98437504,11.326104,0.390733636,0.198,0.715,0.0,1.04,0.0,0.0,,1.11,Healthcare,Biotechnology,5,8,10,9,10,178.0,15.0,39.15,28.0,2.83333,hold,20,"Moderna, Inc., a biotechnology company, provides messenger RNA medicines in the United States, Europe, and internationally. The company's respiratory vaccines include spikevax, mRESVIA, COVID, RSV, seasonal influenza, combination, and pandemic influenza vaccine; latent vaccines comprise cytomegalovirus, epstein-barr virus, herpes simplex virus, varicella zoster virus, and human immunodeficiency virus vaccines; enteric viruses include norovirus; public health vaccines consist of Zika, Nipah, and Mpox vaccines; and bacterial diseases vaccines, such as lyme vaccines. It also provides oncology therapeutics, such as individualized neoantigen and checkpoint adaptive immune modulation therapy; and rare disease products, including propionic and methylmalonic acidemia, glycogen storage disease type 1a, ornithine transcarbamylase deficiency, phenylketonuria, crigler-najjar syndrome type 1, and cystic fibrosis. It has strategic alliances and collaborations with AstraZeneca; Merck & Co., Inc; Vertex Pharmaceuticals Incorporated; Vertex Pharmaceuticals (Europe) Limited; Generation Bio Co.; immatics N.V.; Life Edit Therapeutics; Carisma Therapeutics, Inc.; CytomX Therapeutics; Defense Advanced Research Projects Agency; Biomedical Advanced Research and Development Authority; Institute for Life Changing Medicines; The Bill & Melinda Gates Foundation; and OpenAI. The company was formerly known as Moderna Therapeutics, Inc. and changed its name to Moderna, Inc. in August 2018. Moderna, Inc. was founded in 2010 and is headquartered in Cambridge, Massachusetts.",2025-11-17,True,Medium
24,DUOL,"Duolingo, Inc.",Dr. Luis Alfonso von Ahn Arellano Ph.D.,United States,PA,Pittsburgh,8.623251456,7.531166208,0.125877,0.964270976,0.4,0.15,0.045,0.362,7.44,0.271663616,1.918376,0.040013533,0.129,1.061,23.31,6.53,0.0,0.0,,0.83,Technology,Software - Application,1,8,9,10,9,590.0,180.0,289.81293,300.0,2.33333,buy,17,"Duolingo, Inc. operates as a mobile learning platform in the United States, the United Kingdom, and internationally. The company offers courses in 40 different languages, including Spanish, English, French, German, Italian, Portuguese, Japanese, and Chinese through its Duolingo app. It also provides a digital English language proficiency assessment exam. The company was incorporated in 2011 and is headquartered in Pittsburgh, Pennsylvania.",2025-11-17,True,Medium
30,MTCH,"Match Group, Inc.",Mr. Spencer M. Rascoff,United States,TX,Dallas,7.681723392,10.700808192,1.053318016,3.46936704,0.162,0.31,0.131,0.0,0.0,0.872391488,3.923948,0.236070189,0.054,1.0858,15.08,-34.45,2.35,0.3551,2026-01-05,1.36,Communication Services,Internet Content & Information,5,5,7,8,7,49.0,31.0,37.31579,36.0,2.36364,buy,19,"Match Group, Inc. engages in the provision of digital technologies. It operates through four segments: Tinder, Hinge, Evergreen and Emerging, and Match Group Asia. The company's portfolio of brands includes Tinder, Hinge, Match, Meetic, OkCupid, Pairs, Plenty Of Fish, Azar, BLK, and other brands, built to increase users' likelihood of connecting with others. Its services are available in over 40 languages to users worldwide. The company was incorporated in 1986 and is based in Dallas, Texas.",2025-11-17,True,Medium
27,PLUG,Plug Power Inc.,Mr. Andrew J. Marsh,United States,NY,Latham,3.464653568,3.989035008,-0.922256,0.676169024,0.0,-1.39,-0.156,-0.938,66.16,-0.270113632,116.458218,1.391427242,0.26,0.4001,0.0,1.9,0.0,0.0,,1.73,Industrials,Electrical Equipment & Parts,7,6,5,8,6,7.0,0.75,2.87647,2.5,2.81818,hold,17,"Plug Power Inc. develops hydrogen fuel cells product solutions in North America, Europe, Asia, and internationally. The company offers GenDrive, a hydrogen fueled proton exchange membrane (PEM) fuel cell system that provides power to material handling electric vehicles; GenSure, a stationary fuel cell solution that offers modular PEM fuel cell power to support the backup and grid-support power requirements of the telecommunications, transportation, and utility sectors; and Progen, a fuel cell stack and engine technology used in mobility and stationary fuel cell systems. It also offers GenFuel, a liquid hydrogen fueling delivery, generation, storage, and dispensing system; GenCare, an ongoing Internet of Things-based maintenance and on-site service program for GenDrive fuel cell systems; GenSure fuel cell systems; GenFuel hydrogen storage and dispensing products; ProGen fuel cell engines; and GenKey, an integrated turn-key solution for transitioning to fuel cell power. In addition, the company also provides electrolyzers, a hydrogen generator for clean hydrogen production; liquefaction systems that provides liquid hydrogen to customers; cryogenic equipment for the distribution of liquified hydrogen, oxygen, argon, nitrogen, and other cryogenic gases, including trailers and mobile storage equipment; and liquid hydrogen, an alternative to fuel to fossil-based energy. The company sells its products through a direct product sales force, original equipment manufacturers, and dealer networks. Plug Power Inc. was incorporated in 1997 and is headquartered in Latham, New York.",2025-11-17,True,Medium
36,SEDG,"SolarEdge Technologies, Inc.",Mr. Yehoshua  Nir,Israel,N/A,Herzliya Pituach,2.178520064,2.080792832,-0.397027008,1.045302976,-0.536,-0.14,-0.107,-0.781,86.67,0.212921248,4.237398,0.059800051,0.263,1.0718,0.0,4.49,0.0,0.0,,1.68,Technology,Solar,1,1,7,3,2,44.0,17.0,33.21739,34.0,3.37037,hold,23,"SolarEdge Technologies, Inc., together with its subsidiaries, designs, develops, manufactures, and sells direct current (DC) optimized inverter systems for solar photovoltaic (PV) installations in the United States, Germany, the Netherlands, Italy, rest of Europe, and internationally. The company offers power optimizers, inverters, lithium-ion cells, batteries, storage solutions, electric vehicle chargers and software management of EV charging, smart energy products, smart trackers, and smart energy management software products; Monitoring platform, a cloud-based monitoring platform, which collects power, voltage, current temperature, and other data sent from inverters and power optimizers; and MySolarEdge app, that enables system owners to track their real-time system production and household energy consumption. It also provides SolarEdge Go app, a mobile application for installers, integrating installation, management, and service capabilities; Designer platform, a web-based tool that helps solar professionals to plan, build, simulate, and validate residential and commercial systems; Mapper application for registering the physical layout of new PV sites installed with DC optimized inverter systems; SetApp application, that activates and configurate inverters; and grid services. In addition, the company offers pre-sales support and ongoing training services, as well as technical support before, during, and after installation services. It serves solar installers; providers of solar PV systems to residential and commercial end users; key solar distributors; engineering, procurement, and construction firms; and electrical equipment wholesalers. SolarEdge Technologies, Inc. was incorporated in 2006 and is headquartered in Herzliya Pituach, Israel.",2025-11-17,True,Medium
39,OTLY,Oatly Group AB,Mr. Jean-Christophe  Flatin,Sweden,N/A,Malmö,0.402131456,8.532496896,-0.046375,0.842995968,-0.267,-0.06,-0.058,-1.794,2753.85,-0.029604376,0.12112,0.030326655,0.05,0.1165,0.0,21.53,0.0,0.0,,1.95,Consumer Defensive,Packaged Foods,N/A,N/A,N/A,N/A,N/A,30.0,16.0,20.66667,19.0,1.85714,buy,6,"Oatly Group AB, an oatmilk company, provides a range of plant-based dairy products made from oats in Europe, the Middle East, Africa, the Asia Pacific, Latin America, the United States, Canada, Mainland China, Hong Kong, and Taiwan. Its oatmilk portfolio includes original, low-fat, full-fat, chocolate flavored, unsweetened, and Super Basic, which are offered in ambient and chilled packaging. The company offers Barista edition oatmilk; Oatgurts, which are oat-based yogurts; frozen desserts; cooking products, including regular and organic cooking cream, crème fraiche, whipping cream, vanilla custard, and spreads in a variety of flavors; and ready-to-go drinks. It sells its products through retail and e-commerce channels. The company was formerly known as Havre Global AB and changed its name to Oatly Group AB in March 2021. Oatly Group AB was founded in 1994 and is headquartered in Malmö, Sweden.",2025-11-17,True,Small
37,AFCG,Advanced Flower Capital Inc.,Mr. Leonard Mark Tannenbaum C.F.A.,United States,FL,West Palm Beach,0.070720912,0.136658416,,-0.000821262,0.0,3.65,-0.069,-0.12,65.58,,0.26574,0.022594541,0.106,0.242,0.0,0.42,27.56,1.5222,2025-09-29,1.06,Real Estate Investment Trusts,REIT - Mortgage,8,8,9,7,8,9.0,5.0,7.33333,8.0,2.0,buy,3,"Advanced Flower Capital Inc. originates, structures, underwrites, invests in, and manages senior secured loans and other types of mortgage loans and debt securities for established companies operating in the cannabis industry. It primarily originates loans structured as senior loans secured by real estate, equipment, cash flows, and licenses and/or other assets of the loan parties to the extent permitted by applicable laws and the regulations governing such loan parties. The company qualifies as a real estate investment trust for federal income tax purposes. It generally would not be subject to federal corporate income taxes if it distributes at least 90% of its taxable income to its stockholders. The company was formerly known as AFC Gamma, Inc. and changed its name to Advanced Flower Capital Inc. in October 2024. Advanced Flower Capital Inc. was incorporated in 2020 and is based in West Palm Beach, Florida.",2025-11-17,True,Micro
